,all_loss_values,all_test_loss_values
0,72.24261,52.753235
1,60.48441,44.72684
2,51.500217,38.35793
3,44.512466,33.257607
4,38.99017,29.13869
5,34.563145,25.786255
6,30.968256,23.037521
7,28.015064,20.76796
8,25.563442,18.88141
9,23.508684,17.303024
10,21.77143,15.974079
11,20.290762,14.848209
12,19.019344,13.888566
13,17.920013,13.065688
14,16.96328,12.355886
15,16.125542,11.74003
16,15.387749,11.202578
17,14.734401,10.730853
18,14.152804,10.314472
19,13.632488,9.944889
20,13.164773,9.615041
21,12.742407,9.319073
22,12.359316,9.052107
23,12.010376,8.810072
24,11.691251,8.589547
25,11.3982525,8.387661
26,11.128231,8.20198
27,10.878487,8.030449
28,10.646692,7.87132
29,10.430847,7.7230988
30,10.229208,7.5845103
31,10.040268,7.4544597
32,9.862707,7.3320036
33,9.69538,7.2163296
34,9.537273,7.106732
35,9.3875,7.0026
36,9.245283,6.9033995
37,9.109931,6.808665
38,8.980831,6.717989
39,8.857446,6.6310143
40,8.73929,6.5474257
41,8.625937,6.4669433
42,8.517005,6.3893213
43,8.412148,6.3143425
44,8.311064,6.2418103
45,8.213471,6.1715517
46,8.119128,6.1034117
47,8.02781,6.037249
48,7.9393115,5.9729404
49,7.8534536,5.910372
50,7.7700715,5.84944
51,7.6890154,5.7900558
52,7.6101465,5.732131
53,7.5333424,5.6755915
54,7.4584904,5.620367
55,7.3854856,5.5663934
56,7.3142357,5.513612
57,7.2446523,5.4619694
58,7.1766543,5.411414
59,7.11017,5.361903
60,7.045131,5.313393
61,6.9814744,5.265843
62,6.9191422,5.219218
63,6.858082,5.173483
64,6.798241,5.128607
65,6.7395744,5.084559
66,6.682039,5.041312
67,6.625595,4.998841
68,6.5702033,4.957118
69,6.5158296,4.916123
70,6.462439,4.875832
71,6.4100013,4.836226
72,6.3584867,4.797284
73,6.3078666,4.7589874
74,6.2581162,4.7213197
75,6.2092104,4.6842628
76,6.161124,4.6477995
77,6.113837,4.611917
78,6.0673246,4.5766006
79,6.02157,4.5418334
80,5.9765525,4.5076046
81,5.9322543,4.4739003
82,5.888656,4.440709
83,5.8457427,4.4080186
84,5.803496,4.375816
85,5.7619033,4.344093
86,5.720948,4.312835
87,5.680615,4.2820363
88,5.6408916,4.251685
89,5.6017647,4.2217712
90,5.563222,4.1922865
91,5.5252485,4.1632223
92,5.487836,4.134568
93,5.45097,4.1063175
94,5.41464,4.0784616
95,5.3788366,4.050993
96,5.3435483,4.023903
97,5.308765,3.9971855
98,5.2744765,3.9708333
99,5.240675,3.9448388
100,5.207349,3.9191957
101,5.1744914,3.8938968
102,5.1420913,3.8689368
103,5.1101427,3.8443086
104,5.0786357,3.8200073
105,5.047563,3.796025
106,5.0169163,3.7723567
107,4.986688,3.7489986
108,4.956871,3.7259429
109,4.927458,3.703186
110,4.898442,3.6807215
111,4.8698153,3.658545
112,4.8415728,3.6366508
113,4.8137064,3.615035
114,4.78621,3.593693
115,4.759078,3.5726197
116,4.732304,3.5518095
117,4.705882,3.5312603
118,4.6798058,3.5109663
119,4.6540704,3.4909236
120,4.6286693,3.4711297
121,4.6035976,3.4515772
122,4.5788503,3.4322643
123,4.5544205,3.413188
124,4.530305,3.3943424
125,4.5064983,3.3757255
126,4.482995,3.3573325
127,4.459791,3.3391612
128,4.4368806,3.3212075
129,4.4142594,3.3034675
130,4.391925,3.2859385
131,4.369869,3.268617
132,4.3480906,3.2515004
133,4.3265834,3.2345848
134,4.3053446,3.2178674
135,4.28437,3.2013454
136,4.263654,3.1850152
137,4.243194,3.1688752
138,4.2229857,3.1529217
139,4.203026,3.1371522
140,4.1833105,3.1215637
141,4.1638355,3.106154
142,4.1445975,3.0909197
143,4.125593,3.0758588
144,4.1068187,3.0609689
145,4.088272,3.0462472
146,4.0699477,3.031692
147,4.0518446,3.0172997
148,4.033957,3.0030687
149,4.016284,2.9889967
150,3.9988213,2.9750817
151,3.9815662,2.9613204
152,3.9645157,2.9477124
153,3.9476676,2.9342535
154,3.9310176,2.9209428
155,3.9145634,2.9077787
156,3.8983033,2.894758
157,3.882232,2.881879
158,3.8663492,2.8691404
159,3.8506517,2.8565397
160,3.8351364,2.8440754
161,3.8198006,2.8317454
162,3.8046432,2.8195477
163,3.7896595,2.8074806
164,3.7748482,2.7955427
165,3.7602072,2.783732
166,3.745734,2.7720466
167,3.7314258,2.760485
168,3.7172804,2.7490454
169,3.7032964,2.7377267
170,3.689471,2.7265265
171,3.6758013,2.715444
172,3.6622863,2.704477
173,3.648923,2.693624
174,3.63571,2.6828842
175,3.6226454,2.6722553
176,3.6097267,2.6617365
177,3.5969522,2.6513264
178,3.5843189,2.6410232
179,3.5718267,2.6308253
180,3.5594718,2.6207316
181,3.5472538,2.6107411
182,3.5351706,2.600852
183,3.5232193,2.5910628
184,3.5113997,2.5813735
185,3.4997103,2.5717812
186,3.488147,2.5622857
187,3.4767103,2.552886
188,3.4653971,2.5435793
189,3.4542065,2.5343664
190,3.4431367,2.5252442
191,3.432187,2.5162134
192,3.4213545,2.5072722
193,3.410638,2.4984183
194,3.400037,2.4896522
195,3.3895483,2.480973
196,3.3791718,2.4723775
197,3.3689053,2.4638665
198,3.3587475,2.4554384
199,3.3486974,2.4470925
200,3.338753,2.4388275
201,3.3289137,2.4306426
202,3.319177,2.4225361
203,3.3095427,2.414508
204,3.3000085,2.4065573
205,3.2905738,2.398682
206,3.2812374,2.3908823
207,3.271998,2.383157
208,3.2628531,2.3755047
209,3.2538037,2.3679252
210,3.244846,2.3604174
211,3.235982,2.3529797
212,3.227208,2.3456125
213,3.2185233,2.3383145
214,3.2099273,2.331085
215,3.2014184,2.3239226
216,3.1929963,2.3168273
217,3.1846592,2.3097973
218,3.1764054,2.3028324
219,3.1682355,2.2959323
220,3.1601472,2.2890954
221,3.15214,2.2823215
222,3.1442127,2.2756095
223,3.1363642,2.268959
224,3.1285937,2.2623687
225,3.1209002,2.2558393
226,3.113283,2.2493684
227,3.10574,2.2429562
228,3.0982718,2.236602
229,3.090877,2.2303054
230,3.0835538,2.224065
231,3.0763028,2.2178802
232,3.0691218,2.211751
233,3.062011,2.2056768
234,3.054968,2.1996555
235,3.0479937,2.1936886
236,3.0410867,2.187774
237,3.034245,2.1819117
238,3.0274704,2.1761012
239,3.020759,2.1703417
240,3.014112,2.1646326
241,3.0075283,2.1589727
242,3.0010066,2.1533625
243,2.9945471,2.1478012
244,2.9881477,2.1422884
245,2.9818087,2.1368227
246,2.9755292,2.1314037
247,2.9693084,2.1260326
248,2.9631453,2.1207068
249,2.9570398,2.1154268
250,2.9509904,2.1101916
251,2.9449968,2.105001
252,2.9390585,2.0998547
253,2.9331756,2.0947511
254,2.9273455,2.0896916
255,2.921569,2.0846746
256,2.9158452,2.0796993
257,2.9101734,2.0747664
258,2.9045527,2.0698748
259,2.8989828,2.065023
260,2.8934639,2.060212
261,2.8879929,2.0554411
262,2.882572,2.0507097
263,2.8771992,2.046017
264,2.8718746,2.0413632
265,2.8665967,2.036748
266,2.8613658,2.0321696
267,2.8561811,2.027629
268,2.8510416,2.023126
269,2.8459477,2.0186589
270,2.8408973,2.0142276
271,2.8358922,2.0098329
272,2.8309305,2.0054734
273,2.826011,2.0011492
274,2.8211343,1.9968591
275,2.8162994,1.992604
276,2.8115065,1.9883823
277,2.8067539,1.9841943
278,2.8020427,1.9800391
279,2.7973711,1.9759171
280,2.7927392,1.9718286
281,2.7881463,1.9677714
282,2.7835927,1.9637457
283,2.7790763,1.9597524
284,2.7745986,1.9557894
285,2.7701576,1.9518577
286,2.7657547,1.9479563
287,2.761387,1.9440857
288,2.7570558,1.9402443
289,2.752761,1.9364327
290,2.748501,1.9326506
291,2.7442758,1.9288975
292,2.7400854,1.9251729
293,2.7359285,1.9214765
294,2.7318056,1.9178087
295,2.7277162,1.9141685
296,2.7236598,1.9105558
297,2.7196364,1.9069703
298,2.7156444,1.9034119
299,2.7116845,1.8998802
300,2.7077565,1.8963745
301,2.703859,1.8928951
302,2.6999924,1.889442
303,2.6961565,1.8860142
304,2.6923509,1.8826118
305,2.6885743,1.8792344
306,2.6848283,1.8758818
307,2.6811106,1.8725543
308,2.6774216,1.8692507
309,2.673762,1.8659713
310,2.6701293,1.8627155
311,2.6665251,1.8594836
312,2.6629484,1.8562751
313,2.6593993,1.8530898
314,2.6558764,1.8499272
315,2.6523805,1.8467873
316,2.648911,1.84367
317,2.6454673,1.8405751
318,2.6420496,1.837502
319,2.6386576,1.8344511
320,2.6352904,1.8314213
321,2.631948,1.8284129
322,2.6286306,1.825426
323,2.6253374,1.8224599
324,2.6220682,1.8195145
325,2.6188233,1.8165902
326,2.6156013,1.8136853
327,2.6124036,1.810801
328,2.6092286,1.807937
329,2.6060758,1.8050922
330,2.6029468,1.8022672
331,2.5998392,1.7994618
332,2.5967546,1.7966752
333,2.5936913,1.7939079
334,2.5906496,1.7911595
335,2.5876296,1.7884294
336,2.5846303,1.7857182
337,2.5816526,1.7830245
338,2.5786953,1.7803497
339,2.5757585,1.7776927
340,2.572842,1.7750531
341,2.5699456,1.7724313
342,2.5670693,1.7698272
343,2.5642123,1.76724
344,2.561375,1.7646698
345,2.5585568,1.7621167
346,2.5557578,1.7595807
347,2.5529778,1.757061
348,2.550216,1.7545581
349,2.547473,1.7520714
350,2.5447483,1.7496002
351,2.5420415,1.7471458
352,2.5393527,1.744707
353,2.5366814,1.7422839
354,2.5340278,1.7398762
355,2.5313916,1.7374841
356,2.5287726,1.7351068
357,2.5261707,1.7327449
358,2.5235853,1.7303983
359,2.5210166,1.7280666
360,2.5184643,1.7257491
361,2.5159285,1.7234466
362,2.5134087,1.7211585
363,2.5109053,1.7188845
364,2.5084176,1.7166245
365,2.5059447,1.7143787
366,2.5034878,1.712147
367,2.5010464,1.709929
368,2.4986198,1.7077246
369,2.4962087,1.7055337
370,2.4938126,1.7033563
371,2.4914305,1.7011923
372,2.489064,1.6990412
373,2.4867105,1.6969032
374,2.4843724,1.6947783
375,2.482048,1.6926662
376,2.4797378,1.6905668
377,2.477441,1.6884799
378,2.4751592,1.6864054
379,2.47289,1.6843436
380,2.4706342,1.6822937
381,2.4683917,1.6802557
382,2.4661624,1.6782302
383,2.4639468,1.6762165
384,2.461743,1.6742144
385,2.4595528,1.6722243
386,2.4573755,1.6702458
387,2.4552102,1.6682787
388,2.4530575,1.6663231
389,2.450917,1.6643785
390,2.448789,1.6624453
391,2.446673,1.6605235
392,2.4445686,1.6586123
393,2.4424765,1.6567122
394,2.440396,1.6548227
395,2.438327,1.652944
396,2.4362695,1.6510762
397,2.434224,1.6492188
398,2.432189,1.6473718
399,2.4301653,1.6455349
400,2.4281528,1.6437086
401,2.4261513,1.6418921
402,2.4241607,1.640086
403,2.4221804,1.6382899
404,2.4202113,1.6365033
405,2.4182525,1.6347272
406,2.4163048,1.6329602
407,2.4143667,1.6312033
408,2.4124393,1.6294559
409,2.4105217,1.6277181
410,2.4086144,1.6259894
411,2.4067173,1.6242703
412,2.4048295,1.6225604
413,2.4029512,1.6208595
414,2.4010835,1.6191679
415,2.3992252,1.6174854
416,2.3973763,1.6158111
417,2.395537,1.6141464
418,2.3937066,1.6124902
419,2.391886,1.610843
420,2.3900743,1.6092043
421,2.3882718,1.6075741
422,2.3864782,1.6059523
423,2.384694,1.6043392
424,2.3829181,1.6027343
425,2.3811512,1.6011375
426,2.3793929,1.5995493
427,2.377643,1.5979689
428,2.375902,1.596397
429,2.3741696,1.594833
430,2.3724453,1.5932765
431,2.3707297,1.5917286
432,2.369022,1.5901879
433,2.3673222,1.588655
434,2.365631,1.5871303
435,2.3639474,1.5856129
436,2.362272,1.584103
437,2.3606045,1.5826006
438,2.358945,1.5811057
439,2.3572924,1.5796183
440,2.3556483,1.5781384
441,2.3540115,1.5766654
442,2.3523827,1.5751998
443,2.3507605,1.5737412
444,2.3491466,1.5722901
445,2.3475394,1.5708452
446,2.3459396,1.5694079
447,2.3443475,1.5679774
448,2.342762,1.5665538
449,2.341184,1.565137
450,2.3396125,1.5637269
451,2.3380485,1.5623235
452,2.3364916,1.5609266
453,2.3349411,1.5595366
454,2.3333974,1.5581532
455,2.3318605,1.5567759
456,2.3303306,1.5554056
457,2.328807,1.5540415
458,2.3272903,1.5526834
459,2.32578,1.5513315
460,2.324276,1.5499862
461,2.3227787,1.5486467
462,2.3212872,1.5473139
463,2.3198028,1.5459872
464,2.318324,1.544666
465,2.3168516,1.5433512
466,2.3153856,1.5420423
467,2.3139253,1.5407393
468,2.3124714,1.539442
469,2.3110235,1.5381508
470,2.3095813,1.5368651
471,2.308145,1.5355854
472,2.3067148,1.5343112
473,2.3052902,1.5330426
474,2.3038716,1.5317799
475,2.3024588,1.5305227
476,2.3010516,1.5292704
477,2.2996497,1.5280244
478,2.2982533,1.5267835
479,2.2968633,1.5255476
480,2.2954779,1.5243175
481,2.2940984,1.5230925
482,2.2927241,1.5218729
483,2.2913554,1.5206585
484,2.2899916,1.5194495
485,2.2886336,1.5182452
486,2.2872813,1.5170465
487,2.2859333,1.5158526
488,2.2845905,1.5146635
489,2.2832534,1.51348
490,2.2819207,1.5123006
491,2.2805936,1.5111268
492,2.2792711,1.5099577
493,2.2779539,1.5087936
494,2.2766414,1.507634
495,2.2753344,1.5064795
496,2.2740314,1.5053297
497,2.2727334,1.5041844
498,2.2714403,1.5030438
499,2.270152,1.501908
500,2.2688687,1.5007768
501,2.2675898,1.4996501
502,2.2663155,1.4985279
503,2.265046,1.4974103
504,2.2637808,1.4962974
505,2.26252,1.4951882
506,2.2612638,1.4940844
507,2.2600126,1.4929843
508,2.2587652,1.491889
509,2.2575226,1.4907975
510,2.2562845,1.4897107
511,2.2550504,1.4886278
512,2.253821,1.4875492
513,2.2525954,1.486475
514,2.251374,1.4854051
515,2.2501574,1.4843391
516,2.2489448,1.4832771
517,2.247736,1.4822195
518,2.2465315,1.481166
519,2.2453315,1.480116
520,2.244135,1.4790701
521,2.242943,1.4780284
522,2.2417548,1.4769905
523,2.2405705,1.4759566
524,2.2393904,1.4749267
525,2.238214,1.4739006
526,2.237042,1.4728781
527,2.2358735,1.4718599
528,2.2347085,1.4708449
529,2.2335474,1.4698339
530,2.2323906,1.4688268
531,2.2312374,1.4678229
532,2.2300878,1.4668232
533,2.2289422,1.4658269
534,2.2278001,1.4648345
535,2.2266614,1.4638451
536,2.225527,1.4628597
537,2.2243958,1.4618778
538,2.223268,1.4608996
539,2.222144,1.4599246
540,2.2210236,1.4589533
541,2.2199066,1.4579853
542,2.218793,1.4570206
543,2.2176833,1.4560593
544,2.2165766,1.4551018
545,2.2154741,1.4541477
546,2.2143743,1.4531964
547,2.2132778,1.4522485
548,2.2121851,1.451304
549,2.2110953,1.4503632
550,2.210009,1.4494253
551,2.2089264,1.4484904
552,2.2078469,1.4475591
553,2.2067704,1.4466306
554,2.2056973,1.4457058
555,2.2046273,1.4447837
556,2.2035608,1.4438651
557,2.2024972,1.4429493
558,2.2014372,1.4420366
559,2.2003798,1.4411271
560,2.1993253,1.4402205
561,2.1982749,1.4393173
562,2.1972265,1.4384167
563,2.1961815,1.4375191
564,2.1951396,1.4366248
565,2.194101,1.4357331
566,2.1930654,1.4348444
567,2.1920326,1.4339585
568,2.1910026,1.433076
569,2.1899757,1.432196
570,2.1889515,1.4313189
571,2.1879308,1.4304442
572,2.1869125,1.4295732
573,2.185897,1.4287044
574,2.1848845,1.4278386
575,2.1838756,1.4269753
576,2.1828685,1.426115
577,2.1818647,1.4252573
578,2.1808636,1.4244026
579,2.1798646,1.4235504
580,2.1788695,1.4227008
581,2.177877,1.4218539
582,2.1768863,1.4210098
583,2.1758988,1.420168
584,2.1749144,1.4193293
585,2.1739328,1.4184929
586,2.1729527,1.4176592
587,2.1719759,1.4168282
588,2.1710021,1.4159992
589,2.1700308,1.4151733
590,2.169062,1.4143497
591,2.1680956,1.4135286
592,2.167132,1.4127098
593,2.1661706,1.4118937
594,2.165212,1.4110801
595,2.164256,1.410269
596,2.1633022,1.4094602
597,2.1623514,1.4086541
598,2.1614027,1.4078499
599,2.160457,1.4070485
600,2.159513,1.4062493
601,2.1585722,1.4054525
602,2.1576333,1.4046577
603,2.156697,1.4038658
604,2.1557624,1.4030758
605,2.1548316,1.4022883
606,2.1539023,1.4015032
607,2.1529756,1.40072
608,2.1520514,1.3999394
609,2.1511292,1.3991612
610,2.1502094,1.3983849
611,2.1492922,1.3976108
612,2.148377,1.3968391
613,2.1474645,1.3960695
614,2.1465538,1.395302
615,2.1456451,1.3945369
616,2.1447396,1.3937738
617,2.1438355,1.393013
618,2.142934,1.392254
619,2.1420348,1.3914974
620,2.1411376,1.3907428
621,2.1402428,1.3899904
622,2.1393502,1.38924
623,2.1384597,1.3884919
624,2.1375713,1.3877457
625,2.1366854,1.3870014
626,2.1358013,1.3862593
627,2.134919,1.3855194
628,2.1340394,1.3847812
629,2.1331618,1.3840451
630,2.1322863,1.3833113
631,2.1314125,1.3825791
632,2.1305413,1.3818488
633,2.1296723,1.3811207
634,2.1288047,1.3803946
635,2.1279395,1.3796701
636,2.1270761,1.3789476
637,2.126215,1.3782275
638,2.125356,1.3775089
639,2.124499,1.3767923
640,2.1236439,1.3760777
641,2.1227906,1.3753648
642,2.1219394,1.3746539
643,2.1210902,1.3739448
644,2.120243,1.3732373
645,2.1193979,1.3725322
646,2.118554,1.3718284
647,2.117713,1.3711267
648,2.1168733,1.3704265
649,2.1160364,1.3697287
650,2.1152003,1.369032
651,2.1143665,1.3683375
652,2.1135345,1.3676444
653,2.1127048,1.3669534
654,2.1118767,1.3662641
655,2.1110504,1.3655766
656,2.110226,1.3648907
657,2.1094031,1.3642064
658,2.1085825,1.3635242
659,2.1077635,1.3628435
660,2.1069465,1.3621647
661,2.1061308,1.3614872
662,2.1053174,1.3608115
663,2.1045058,1.3601375
664,2.1036963,1.3594652
665,2.1028879,1.3587945
666,2.1020818,1.3581253
667,2.101277,1.357458
668,2.1004744,1.3567923
669,2.099673,1.356128
670,2.0988736,1.3554655
671,2.0980759,1.3548045
672,2.0972803,1.354145
673,2.096486,1.3534875
674,2.0956936,1.3528314
675,2.0949023,1.3521767
676,2.0941133,1.3515236
677,2.0933263,1.350872
678,2.0925405,1.3502221
679,2.0917566,1.3495739
680,2.0909739,1.3489267
681,2.0901928,1.3482813
682,2.0894144,1.3476375
683,2.0886364,1.3469955
684,2.0878608,1.3463542
685,2.0870867,1.345715
686,2.0863142,1.3450772
687,2.0855434,1.3444409
688,2.0847738,1.3438059
689,2.0840058,1.3431724
690,2.0832398,1.3425404
691,2.0824752,1.3419098
692,2.0817125,1.3412807
693,2.0809512,1.3406528
694,2.0801911,1.3400269
695,2.079433,1.339402
696,2.078676,1.3387783
697,2.0779204,1.3381566
698,2.0771673,1.3375362
699,2.076415,1.3369167
700,2.0756643,1.336299
701,2.0749152,1.3356829
702,2.0741677,1.3350675
703,2.0734217,1.3344538
704,2.0726771,1.3338414
705,2.0719342,1.3332305
706,2.0711927,1.3326207
707,2.0704525,1.3320125
708,2.0697143,1.3314056
709,2.0689774,1.3307998
710,2.0682416,1.3301957
711,2.0675073,1.3295925
712,2.0667741,1.3289909
713,2.0660434,1.3283905
714,2.0653138,1.3277915
715,2.0645852,1.3271939
716,2.0638578,1.3265972
717,2.0631323,1.3260021
718,2.0624084,1.325408
719,2.0616856,1.3248155
720,2.0609646,1.324224
721,2.0602446,1.3236338
722,2.0595262,1.3230449
723,2.058809,1.3224573
724,2.0580935,1.3218709
725,2.0573792,1.3212857
726,2.0566661,1.320702
727,2.0559547,1.3201191
728,2.0552444,1.3195374
729,2.0545359,1.3189574
730,2.0538282,1.3183782
731,2.053122,1.3178005
732,2.0524175,1.3172237
733,2.0517142,1.3166478
734,2.051012,1.3160738
735,2.0503113,1.3155007
736,2.0496118,1.3149288
737,2.0489137,1.3143579
738,2.048217,1.3137883
739,2.0475214,1.3132201
740,2.0468273,1.3126527
741,2.046135,1.3120862
742,2.0454433,1.3115215
743,2.0447533,1.3109577
744,2.0440638,1.3103949
745,2.0433764,1.3098333
746,2.04269,1.3092729
747,2.0420053,1.3087137
748,2.0413213,1.3081551
749,2.0406384,1.307598
750,2.0399573,1.3070419
751,2.0392773,1.3064871
752,2.0385988,1.3059335
753,2.0379212,1.3053807
754,2.0372448,1.304829
755,2.0365698,1.3042784
756,2.0358958,1.3037288
757,2.0352232,1.3031806
758,2.034552,1.302633
759,2.0338821,1.3020871
760,2.033213,1.3015418
761,2.032545,1.3009974
762,2.0318787,1.3004547
763,2.0312138,1.2999125
764,2.0305493,1.2993712
765,2.0298867,1.2988312
766,2.0292249,1.2982926
767,2.0285645,1.2977545
768,2.0279052,1.2972175
769,2.0272472,1.2966819
770,2.0265903,1.2961471
771,2.025934,1.2956133
772,2.0252795,1.2950803
773,2.0246258,1.2945487
774,2.023974,1.2940178
775,2.023323,1.2934881
776,2.0226724,1.2929593
777,2.0220242,1.2924312
778,2.0213766,1.2919044
779,2.02073,1.291379
780,2.0200844,1.2908536
781,2.0194404,1.2903298
782,2.0187972,1.289807
783,2.0181553,1.289285
784,2.0175145,1.2887639
785,2.0168746,1.2882435
786,2.016236,1.2877247
787,2.0155988,1.2872063
788,2.0149627,1.2866895
789,2.014327,1.2861727
790,2.0136929,1.2856576
791,2.0130596,1.2851431
792,2.0124276,1.2846296
793,2.0117967,1.2841173
794,2.011167,1.2836057
795,2.010538,1.2830951
796,2.0099103,1.2825853
797,2.009284,1.2820765
798,2.0086584,1.2815683
799,2.008034,1.2810613
800,2.007411,1.280555
801,2.0067885,1.28005
802,2.0061667,1.2795455
803,2.0055475,1.2790422
804,2.0049279,1.2785397
805,2.0043104,1.278038
806,2.0036929,1.2775372
807,2.0030773,1.2770374
808,2.002462,1.2765383
809,2.001848,1.2760401
810,2.0012352,1.275543
811,2.0006235,1.2750463
812,2.0000126,1.2745509
813,1.9994029,1.2740562
814,1.9987937,1.2735624
815,1.9981866,1.2730695
816,1.9975799,1.2725773
817,1.9969741,1.272086
818,1.9963695,1.2715957
819,1.9957656,1.271106
820,1.995163,1.2706171
821,1.9945612,1.2701296
822,1.9939604,1.2696425
823,1.9933608,1.2691562
824,1.9927621,1.2686707
825,1.9921643,1.2681861
826,1.9915677,1.2677025
827,1.990972,1.2672192
828,1.9903772,1.2667373
829,1.9897838,1.2662559
830,1.9891907,1.2657754
831,1.9885988,1.2652957
832,1.988008,1.2648166
833,1.9874178,1.2643387
834,1.986829,1.2638613
835,1.9862411,1.2633849
836,1.9856544,1.262909
837,1.9850675,1.2624341
838,1.984483,1.26196
839,1.9838985,1.2614868
840,1.9833156,1.2610141
841,1.9827329,1.2605423
842,1.9821517,1.2600713
843,1.9815711,1.2596009
844,1.9809918,1.2591314
845,1.9804132,1.2586627
846,1.9798356,1.2581948
847,1.979259,1.2577276
848,1.9786832,1.2572613
849,1.9781085,1.2567953
850,1.9775348,1.2563305
851,1.9769613,1.2558663
852,1.9763894,1.2554029
853,1.9758183,1.2549403
854,1.975248,1.2544785
855,1.9746784,1.2540175
856,1.9741101,1.253557
857,1.9735425,1.253097
858,1.9729761,1.2526381
859,1.9724098,1.2521799
860,1.9718453,1.2517225
861,1.9712813,1.2512658
862,1.9707181,1.2508094
863,1.9701558,1.2503542
864,1.9695944,1.2498997
865,1.9690342,1.2494458
866,1.9684747,1.2489926
867,1.967916,1.24854
868,1.967358,1.2480881
869,1.9668009,1.2476373
870,1.9662447,1.247187
871,1.9656897,1.2467372
872,1.9651351,1.2462883
873,1.9645817,1.2458402
874,1.9640292,1.2453926
875,1.9634771,1.2449459
876,1.9629264,1.2444996
877,1.9623761,1.244054
878,1.961827,1.2436092
879,1.9612789,1.2431651
880,1.9607311,1.242722
881,1.9601847,1.242279
882,1.9596388,1.241837
883,1.9590935,1.241396
884,1.9585496,1.2409551
885,1.958006,1.2405149
886,1.9574636,1.240076
887,1.956922,1.239637
888,1.9563817,1.2391992
889,1.9558413,1.2387617
890,1.9553018,1.2383249
891,1.9547635,1.2378888
892,1.954226,1.2374536
893,1.953689,1.2370187
894,1.9531533,1.2365848
895,1.9526182,1.2361515
896,1.9520837,1.2357186
897,1.9515501,1.2352866
898,1.9510173,1.2348549
899,1.9504858,1.2344242
900,1.9499546,1.2339939
901,1.9494243,1.2335644
902,1.9488951,1.2331353
903,1.9483665,1.2327071
904,1.9478383,1.2322798
905,1.947311,1.2318528
906,1.9467846,1.231426
907,1.9462589,1.2310004
908,1.9457345,1.2305754
909,1.9452106,1.2301508
910,1.9446872,1.229727
911,1.9441646,1.2293037
912,1.943643,1.2288814
913,1.9431219,1.228459
914,1.9426022,1.228038
915,1.9420828,1.227617
916,1.9415641,1.2271968
917,1.9410467,1.2267772
918,1.9405296,1.2263582
919,1.9400132,1.22594
920,1.9394975,1.2255223
921,1.938983,1.225105
922,1.9384686,1.2246885
923,1.937956,1.2242726
924,1.937443,1.2238572
925,1.9369311,1.2234424
926,1.9364204,1.2230283
927,1.9359102,1.2226149
928,1.9354012,1.2222021
929,1.9348922,1.2217895
930,1.9343843,1.2213776
931,1.933877,1.2209665
932,1.9333701,1.2205558
933,1.9328648,1.2201458
934,1.9323596,1.2197362
935,1.9318554,1.2193277
936,1.9313515,1.2189195
937,1.9308486,1.2185115
938,1.9303467,1.2181044
939,1.9298452,1.2176979
940,1.9293449,1.2172917
941,1.9288448,1.216886
942,1.9283453,1.2164812
943,1.9278469,1.2160771
944,1.9273492,1.2156732
945,1.926852,1.2152702
946,1.9263554,1.2148677
947,1.9258599,1.2144654
948,1.925365,1.2140638
949,1.924871,1.2136631
950,1.9243772,1.2132627
951,1.9238843,1.2128628
952,1.9233923,1.2124637
953,1.922901,1.2120649
954,1.9224105,1.2116668
955,1.9219202,1.2112691
956,1.9214307,1.2108719
957,1.9209422,1.2104754
958,1.9204541,1.2100793
959,1.9199668,1.2096839
960,1.91948,1.209289
961,1.9189948,1.2088947
962,1.9185094,1.2085007
963,1.9180249,1.2081074
964,1.9175411,1.2077146
965,1.9170578,1.2073225
966,1.9165753,1.2069305
967,1.9160936,1.2065395
968,1.9156126,1.2061491
969,1.915132,1.2057586
970,1.9146525,1.2053691
971,1.9141731,1.20498
972,1.9136949,1.2045915
973,1.913217,1.2042034
974,1.9127401,1.203816
975,1.9122636,1.2034287
976,1.9117879,1.2030423
977,1.9113128,1.2026564
978,1.9108384,1.2022712
979,1.9103644,1.201886
980,1.9098914,1.2015017
981,1.9094187,1.2011178
982,1.9089471,1.2007344
983,1.9084761,1.2003516
984,1.9080056,1.1999689
985,1.9075358,1.1995872
986,1.9070662,1.199206
987,1.9065977,1.1988248
988,1.9061302,1.1984445
989,1.9056624,1.1980644
990,1.9051961,1.1976854
991,1.9047302,1.1973065
992,1.9042649,1.196928
993,1.9038,1.1965499
994,1.9033362,1.1961726
995,1.9028727,1.1957958
996,1.9024097,1.1954192
997,1.9019481,1.1950436
998,1.9014862,1.1946679
999,1.9010254,1.1942931
1000,1.9005648,1.1939186
1001,1.9001056,1.1935445
1002,1.8996464,1.193171
1003,1.8991878,1.1927981
1004,1.89873,1.1924256
1005,1.8982729,1.1920537
1006,1.8978168,1.1916816
1007,1.8973604,1.1913109
1008,1.896905,1.1909399
1009,1.8964504,1.1905701
1010,1.8959965,1.1902004
1011,1.8955432,1.189831
1012,1.8950901,1.1894625
1013,1.8946378,1.189094
1014,1.8941861,1.1887263
1015,1.8937354,1.1883591
1016,1.8932849,1.1879922
1017,1.8928351,1.1876259
1018,1.8923863,1.1872599
1019,1.8919375,1.1868943
1020,1.8914893,1.1865293
1021,1.8910416,1.1861647
1022,1.8905951,1.1858006
1023,1.8901491,1.1854371
1024,1.8897029,1.1850742
1025,1.8892584,1.1847112
1026,1.8888139,1.184349
1027,1.8883699,1.1839873
1028,1.8879266,1.183626
1029,1.887484,1.1832651
1030,1.887042,1.1829045
1031,1.8866005,1.1825446
1032,1.8861597,1.1821847
1033,1.8857197,1.1818259
1034,1.8852792,1.1814674
1035,1.8848405,1.1811092
1036,1.8844018,1.1807513
1037,1.8839636,1.1803939
1038,1.883527,1.180037
1039,1.8830895,1.1796807
1040,1.8826532,1.1793247
1041,1.8822176,1.178969
1042,1.8817822,1.1786141
1043,1.881348,1.1782593
1044,1.8809139,1.1779052
1045,1.8804803,1.1775515
1046,1.8800474,1.1771979
1047,1.8796154,1.1768451
1048,1.8791838,1.1764927
1049,1.8787528,1.1761404
1050,1.8783219,1.1757889
1051,1.877892,1.1754378
1052,1.8774624,1.1750869
1053,1.8770337,1.1747364
1054,1.8766053,1.1743869
1055,1.8761775,1.1740372
1056,1.8757503,1.1736882
1057,1.8753237,1.1733391
1058,1.8748975,1.1729913
1059,1.8744717,1.1726435
1060,1.8740467,1.172296
1061,1.8736221,1.1719489
1062,1.873198,1.1716026
1063,1.8727746,1.1712562
1064,1.8723519,1.1709107
1065,1.8719295,1.1705654
1066,1.8715081,1.1702205
1067,1.8710865,1.1698761
1068,1.8706659,1.1695318
1069,1.8702456,1.1691883
1070,1.8698262,1.168845
1071,1.8694073,1.1685022
1072,1.8689886,1.1681598
1073,1.8685706,1.1678178
1074,1.8681531,1.1674762
1075,1.8677362,1.167135
1076,1.86732,1.166794
1077,1.8669041,1.1664538
1078,1.8664888,1.1661137
1079,1.8660738,1.1657742
1080,1.8656598,1.1654351
1081,1.8652459,1.1650963
1082,1.8648325,1.1647578
1083,1.8644199,1.16442
1084,1.864008,1.1640825
1085,1.863596,1.1637453
1086,1.8631854,1.1634084
1087,1.8627743,1.1630725
1088,1.8623645,1.1627362
1089,1.8619548,1.1624008
1090,1.861546,1.1620655
1091,1.861137,1.1617306
1092,1.8607292,1.1613963
1093,1.8603219,1.1610624
1094,1.8599148,1.1607283
1095,1.8595083,1.160395
1096,1.8591021,1.1600622
1097,1.8586967,1.1597298
1098,1.8582916,1.1593977
1099,1.8578871,1.1590661
1100,1.8574833,1.1587348
1101,1.8570799,1.1584039
1102,1.856677,1.1580734
1103,1.8562746,1.1577433
1104,1.8558724,1.1574132
1105,1.8554714,1.1570837
1106,1.8550704,1.1567546
1107,1.85467,1.1564261
1108,1.85427,1.1560979
1109,1.8538704,1.1557697
1110,1.853471,1.1554426
1111,1.8530731,1.1551154
1112,1.852675,1.1547883
1113,1.8522774,1.1544621
1114,1.8518807,1.1541361
1115,1.8514842,1.1538106
1116,1.851088,1.1534851
1117,1.8506927,1.1531603
1118,1.8502975,1.1528357
1119,1.8499031,1.1525114
1120,1.8495091,1.152188
1121,1.8491154,1.1518642
1122,1.8487226,1.1515412
1123,1.8483299,1.1512185
1124,1.8479378,1.1508963
1125,1.8475462,1.1505743
1126,1.8471551,1.1502526
1127,1.8467643,1.1499314
1128,1.8463742,1.1496104
1129,1.8459843,1.14929
1130,1.8455952,1.1489699
1131,1.8452065,1.14865
1132,1.8448179,1.1483306
1133,1.8444306,1.1480114
1134,1.8440428,1.1476928
1135,1.8436561,1.1473746
1136,1.8432697,1.1470567
1137,1.842884,1.1467389
1138,1.8424982,1.1464217
1139,1.8421133,1.1461048
1140,1.8417289,1.145788
1141,1.8413446,1.1454716
1142,1.8409611,1.1451558
1143,1.8405782,1.1448404
1144,1.8401958,1.1445253
1145,1.8398136,1.1442101
1146,1.8394312,1.143896
1147,1.83905,1.1435817
1148,1.8386692,1.1432679
1149,1.838289,1.1429545
1150,1.837909,1.1426414
1151,1.8375297,1.1423287
1152,1.8371507,1.1420164
1153,1.8367721,1.1417041
1154,1.8363941,1.1413927
1155,1.8360164,1.1410812
1156,1.835639,1.1407702
1157,1.8352623,1.1404595
1158,1.8348861,1.1401492
1159,1.8345104,1.1398393
1160,1.8341352,1.1395295
1161,1.83376,1.1392202
1162,1.8333855,1.1389111
1163,1.8330115,1.1386025
1164,1.8326375,1.1382942
1165,1.832265,1.1379863
1166,1.8318921,1.1376786
1167,1.83152,1.1373714
1168,1.8311477,1.1370642
1169,1.8307768,1.1367576
1170,1.8304058,1.1364514
1171,1.8300354,1.1361455
1172,1.829665,1.1358396
1173,1.8292954,1.1355344
1174,1.8289262,1.1352295
1175,1.828558,1.1349248
1176,1.8281891,1.1346205
1177,1.8278216,1.1343167
1178,1.827454,1.1340129
1179,1.827087,1.1337094
1180,1.8267204,1.1334065
1181,1.8263539,1.133104
1182,1.8259884,1.1328014
1183,1.8256232,1.1324995
1184,1.8252586,1.1321977
1185,1.8248942,1.1318961
1186,1.8245302,1.1315954
1187,1.824166,1.1312944
1188,1.8238031,1.1309938
1189,1.8234406,1.1306939
1190,1.823078,1.1303941
1191,1.8227162,1.1300946
1192,1.8223548,1.1297957
1193,1.8219938,1.1294966
1194,1.8216333,1.129198
1195,1.8212732,1.1288997
1196,1.8209128,1.1286019
1197,1.8205538,1.1283046
1198,1.820195,1.1280073
1199,1.8198364,1.1277102
1200,1.8194779,1.1274135
1201,1.8191206,1.1271172
1202,1.818763,1.1268214
1203,1.8184062,1.1265258
1204,1.8180499,1.1262302
1205,1.8176938,1.1259353
1206,1.8173385,1.1256407
1207,1.8169829,1.1253461
1208,1.816628,1.1250521
1209,1.8162736,1.1247582
1210,1.81592,1.1244648
1211,1.8155662,1.1241717
1212,1.8152128,1.1238787
1213,1.8148602,1.123586
1214,1.8145076,1.1232938
1215,1.8141555,1.1230016
1216,1.8138041,1.1227101
1217,1.8134533,1.1224186
1218,1.8131022,1.1221277
1219,1.8127517,1.1218365
1220,1.8124018,1.1215463
1221,1.8120526,1.1212564
1222,1.8117033,1.1209664
1223,1.8113545,1.1206766
1224,1.8110058,1.1203877
1225,1.8106582,1.1200987
1226,1.8103105,1.1198099
1227,1.8099633,1.1195215
1228,1.8096163,1.1192334
1229,1.8092703,1.1189456
1230,1.8089243,1.1186582
1231,1.8085785,1.1183711
1232,1.8082334,1.118084
1233,1.8078884,1.1177977
1234,1.807544,1.1175112
1235,1.8072,1.1172252
1236,1.8068565,1.1169394
1237,1.8065127,1.1166542
1238,1.80617,1.1163692
1239,1.8058279,1.1160843
1240,1.8054855,1.1157998
1241,1.8051438,1.1155156
1242,1.8048023,1.1152315
1243,1.8044612,1.1149478
1244,1.8041209,1.1146644
1245,1.8037806,1.1143813
1246,1.8034408,1.1140987
1247,1.8031012,1.113816
1248,1.8027626,1.1135339
1249,1.8024237,1.1132522
1250,1.8020855,1.1129702
1251,1.8017474,1.1126891
1252,1.80141,1.1124078
1253,1.8010728,1.1121268
1254,1.8007361,1.1118464
1255,1.8003998,1.1115664
1256,1.8000633,1.1112865
1257,1.799728,1.1110066
1258,1.7993927,1.1107273
1259,1.7990578,1.1104484
1260,1.7987233,1.1101692
1261,1.7983891,1.1098907
1262,1.7980554,1.1096126
1263,1.7977217,1.1093347
1264,1.7973889,1.109057
1265,1.7970558,1.1087795
1266,1.7967236,1.1085021
1267,1.7963918,1.1082257
1268,1.7960602,1.107949
1269,1.7957292,1.1076726
1270,1.7953981,1.1073966
1271,1.7950678,1.1071208
1272,1.7947371,1.1068451
1273,1.794408,1.1065699
1274,1.7940781,1.1062952
1275,1.7937493,1.1060206
1276,1.7934204,1.1057462
1277,1.793092,1.1054718
1278,1.7927643,1.105198
1279,1.7924367,1.1049247
1280,1.7921096,1.1046512
1281,1.7917824,1.1043782
1282,1.7914557,1.1041054
1283,1.7911297,1.103833
1284,1.7908038,1.1035607
1285,1.7904785,1.1032888
1286,1.7901534,1.1030171
1287,1.7898283,1.1027459
1288,1.7895044,1.1024746
1289,1.78918,1.1022037
1290,1.7888561,1.101933
1291,1.7885331,1.1016626
1292,1.78821,1.1013926
1293,1.7878876,1.1011227
1294,1.7875649,1.1008531
1295,1.7872432,1.1005839
1296,1.7869211,1.1003151
1297,1.7866004,1.1000463
1298,1.7862791,1.0997776
1299,1.7859591,1.0995094
1300,1.7856388,1.0992414
1301,1.7853189,1.0989738
1302,1.7849994,1.0987061
1303,1.7846801,1.098439
1304,1.7843614,1.098172
1305,1.7840432,1.0979053
1306,1.7837248,1.0976386
1307,1.7834066,1.0973728
1308,1.7830894,1.0971067
1309,1.7827722,1.0968411
1310,1.7824554,1.0965755
1311,1.7821393,1.0963106
1312,1.7818229,1.0960459
1313,1.781507,1.0957811
1314,1.7811918,1.0955167
1315,1.7808766,1.0952526
1316,1.7805619,1.0949888
1317,1.7802476,1.0947251
1318,1.7799335,1.0944618
1319,1.7796191,1.0941987
1320,1.779306,1.0939358
1321,1.7789931,1.0936733
1322,1.7786802,1.093411
1323,1.7783679,1.093149
1324,1.7780558,1.0928868
1325,1.7777442,1.0926254
1326,1.7774329,1.0923644
1327,1.7771214,1.0921031
1328,1.7768109,1.0918423
1329,1.7765005,1.0915816
1330,1.7761904,1.091321
1331,1.7758806,1.0910614
1332,1.7755711,1.0908012
1333,1.7752619,1.090542
1334,1.7749532,1.0902824
1335,1.7746447,1.0900233
1336,1.7743366,1.0897644
1337,1.7740288,1.0895058
1338,1.7737209,1.0892476
1339,1.7734139,1.0889895
1340,1.7731073,1.0887316
1341,1.7728004,1.0884738
1342,1.7724941,1.0882163
1343,1.7721889,1.0879593
1344,1.7718828,1.0877024
1345,1.7715776,1.0874456
1346,1.771273,1.0871891
1347,1.770968,1.0869331
1348,1.7706639,1.0866772
1349,1.7703598,1.0864213
1350,1.7700564,1.086166
1351,1.7697529,1.0859108
1352,1.7694498,1.0856558
1353,1.7691472,1.085401
1354,1.7688446,1.0851465
1355,1.7685426,1.0848925
1356,1.7682408,1.0846385
1357,1.7679394,1.0843844
1358,1.7676381,1.0841311
1359,1.7673374,1.0838776
1360,1.7670368,1.0836245
1361,1.7667365,1.0833718
1362,1.7664369,1.0831194
1363,1.7661372,1.0828669
1364,1.7658383,1.0826149
1365,1.7655392,1.0823631
1366,1.7652407,1.0821114
1367,1.764942,1.0818597
1368,1.7646438,1.0816087
1369,1.7643464,1.0813575
1370,1.7640487,1.0811069
1371,1.7637516,1.0808564
1372,1.7634552,1.0806062
1373,1.7631582,1.0803564
1374,1.7628621,1.0801061
1375,1.7625661,1.0798568
1376,1.7622707,1.0796074
1377,1.7619753,1.0793583
1378,1.7616801,1.0791091
1379,1.7613857,1.0788606
1380,1.7610911,1.0786122
1381,1.7607971,1.078364
1382,1.7605032,1.0781163
1383,1.7602096,1.0778687
1384,1.7599165,1.0776211
1385,1.7596238,1.0773737
1386,1.7593309,1.0771265
1387,1.7590389,1.07688
1388,1.7587467,1.0766332
1389,1.758455,1.076387
1390,1.7581638,1.0761405
1391,1.7578727,1.0758945
1392,1.7575818,1.0756489
1393,1.7572913,1.0754033
1394,1.7570014,1.0751581
1395,1.7567112,1.0749131
1396,1.7564217,1.0746684
1397,1.756132,1.0744237
1398,1.755843,1.0741793
1399,1.755554,1.0739353
1400,1.755266,1.0736911
1401,1.7549776,1.0734477
1402,1.7546896,1.0732042
1403,1.7544018,1.072961
1404,1.754115,1.0727179
1405,1.7538279,1.0724748
1406,1.7535409,1.0722325
1407,1.7532547,1.07199
1408,1.7529683,1.0717478
1409,1.7526827,1.0715058
1410,1.7523968,1.0712643
1411,1.7521114,1.0710225
1412,1.751827,1.0707812
1413,1.7515417,1.0705403
1414,1.7512575,1.0702993
1415,1.7509733,1.070059
1416,1.7506895,1.0698184
1417,1.7504059,1.0695783
1418,1.7501224,1.0693383
1419,1.7498397,1.0690984
1420,1.7495573,1.0688589
1421,1.7492743,1.0686194
1422,1.7489918,1.0683801
1423,1.7487102,1.0681416
1424,1.7484283,1.0679027
1425,1.748147,1.0676641
1426,1.747866,1.0674258
1427,1.7475853,1.0671879
1428,1.7473047,1.0669502
1429,1.7470243,1.0667124
1430,1.7467446,1.0664749
1431,1.7464648,1.0662374
1432,1.7461855,1.0660005
1433,1.7459064,1.0657637
1434,1.7456276,1.0655271
1435,1.7453487,1.0652909
1436,1.7450706,1.0650547
1437,1.7447927,1.0648189
1438,1.7445148,1.0645832
1439,1.7442373,1.0643473
1440,1.7439599,1.0641122
1441,1.7436832,1.0638771
1442,1.7434062,1.0636419
1443,1.7431298,1.0634071
1444,1.742854,1.0631729
1445,1.7425779,1.0629385
1446,1.7423023,1.0627046
1447,1.7420269,1.0624704
1448,1.7417523,1.0622368
1449,1.7414775,1.0620031
1450,1.7412026,1.0617698
1451,1.7409283,1.0615369
1452,1.7406545,1.0613039
1453,1.7403806,1.0610709
1454,1.7401077,1.0608388
1455,1.7398345,1.0606067
1456,1.739561,1.0603745
1457,1.7392886,1.0601429
1458,1.7390159,1.0599113
1459,1.7387443,1.0596796
1460,1.7384723,1.0594482
1461,1.7382003,1.0592172
1462,1.7379292,1.0589863
1463,1.737658,1.0587559
1464,1.7373873,1.0585254
1465,1.7371165,1.0582949
1466,1.7368467,1.0580649
1467,1.7365768,1.0578352
1468,1.7363068,1.0576053
1469,1.7360374,1.0573758
1470,1.7357681,1.0571465
1471,1.7354989,1.0569173
1472,1.7352303,1.0566885
1473,1.7349615,1.05646
1474,1.7346938,1.0562314
1475,1.7344257,1.0560033
1476,1.7341577,1.055775
1477,1.7338904,1.0555471
1478,1.7336235,1.0553197
1479,1.7333559,1.0550922
1480,1.7330896,1.0548649
1481,1.7328233,1.0546377
1482,1.7325572,1.0544109
1483,1.7322917,1.0541843
1484,1.7320257,1.0539576
1485,1.73176,1.0537314
1486,1.7314948,1.0535053
1487,1.7312299,1.0532794
1488,1.7309651,1.0530536
1489,1.7307013,1.052828
1490,1.7304368,1.0526029
1491,1.730173,1.0523776
1492,1.7299094,1.0521525
1493,1.7296464,1.0519279
1494,1.729383,1.0517031
1495,1.7291199,1.0514789
1496,1.7288572,1.0512546
1497,1.7285948,1.0510305
1498,1.7283325,1.0508066
1499,1.7280707,1.0505831
1500,1.7278088,1.0503598
1501,1.7275476,1.0501366
1502,1.7272866,1.0499134
1503,1.7270257,1.0496906
1504,1.7267646,1.0494679
1505,1.7265047,1.0492456
1506,1.7262444,1.0490229
1507,1.7259847,1.048801
1508,1.7257247,1.0485792
1509,1.7254653,1.0483574
1510,1.7252059,1.0481356
1511,1.7249471,1.0479143
1512,1.7246885,1.0476931
1513,1.7244297,1.0474721
1514,1.7241714,1.0472512
1515,1.7239136,1.0470307
1516,1.7236558,1.0468103
1517,1.7233984,1.0465901
1518,1.7231413,1.0463698
1519,1.7228837,1.0461501
1520,1.7226272,1.0459304
1521,1.7223709,1.0457108
1522,1.7221142,1.0454916
1523,1.7218581,1.0452725
1524,1.7216023,1.0450536
1525,1.7213472,1.0448349
1526,1.7210913,1.0446162
1527,1.7208362,1.0443978
1528,1.7205814,1.0441796
1529,1.7203269,1.0439614
1530,1.7200724,1.0437437
1531,1.7198184,1.043526
1532,1.719564,1.0433083
1533,1.7193105,1.0430909
1534,1.7190568,1.0428737
1535,1.7188039,1.0426569
1536,1.7185508,1.04244
1537,1.718298,1.0422233
1538,1.7180455,1.042007
1539,1.7177932,1.0417907
1540,1.7175411,1.0415746
1541,1.7172897,1.0413586
1542,1.7170372,1.0411428
1543,1.7167863,1.0409273
1544,1.7165351,1.0407118
1545,1.7162838,1.0404965
1546,1.7160336,1.0402817
1547,1.7157825,1.040067
1548,1.7155328,1.0398523
1549,1.7152826,1.0396376
1550,1.7150329,1.0394235
1551,1.7147831,1.0392092
1552,1.7145339,1.0389954
1553,1.7142849,1.0387819
1554,1.7140362,1.0385679
1555,1.7137874,1.0383546
1556,1.713539,1.0381414
1557,1.713291,1.0379281
1558,1.7130429,1.0377153
1559,1.7127948,1.0375025
1560,1.7125474,1.0372899
1561,1.7123002,1.0370774
1562,1.7120531,1.0368654
1563,1.7118062,1.0366534
1564,1.7115593,1.0364413
1565,1.7113132,1.0362297
1566,1.7110671,1.036018
1567,1.7108213,1.0358071
1568,1.7105751,1.0355957
1569,1.7103298,1.0353845
1570,1.7100844,1.0351738
1571,1.7098392,1.0349633
1572,1.7095945,1.0347527
1573,1.7093498,1.0345423
1574,1.7091054,1.034332
1575,1.7088612,1.034122
1576,1.7086171,1.0339122
1577,1.7083737,1.0337024
1578,1.7081299,1.0334933
1579,1.7078869,1.033284
1580,1.7076436,1.0330746
1581,1.7074006,1.0328658
1582,1.707158,1.0326568
1583,1.7069157,1.0324482
1584,1.7066731,1.0322399
1585,1.7064314,1.0320315
1586,1.7061895,1.0318234
1587,1.7059478,1.0316153
1588,1.7057067,1.0314076
1589,1.7054654,1.0311997
1590,1.7052246,1.0309924
1591,1.7049838,1.0307852
1592,1.7047435,1.030578
1593,1.7045032,1.0303711
1594,1.7042631,1.0301642
1595,1.7040232,1.0299575
1596,1.7037832,1.0297512
1597,1.7035439,1.0295446
1598,1.7033049,1.0293385
1599,1.7030656,1.0291325
1600,1.702827,1.0289266
1601,1.7025881,1.0287211
1602,1.7023498,1.0285158
1603,1.7021118,1.0283103
1604,1.701874,1.0281049
1605,1.7016357,1.0279001
1606,1.7013983,1.027695
1607,1.7011608,1.0274905
1608,1.7009239,1.0272858
1609,1.7006872,1.0270814
1610,1.7004505,1.0268774
1611,1.7002138,1.0266732
1612,1.6999774,1.0264697
1613,1.6997414,1.0262657
1614,1.6995058,1.0260624
1615,1.6992697,1.0258589
1616,1.6990347,1.0256553
1617,1.6987989,1.0254525
1618,1.6985642,1.0252496
1619,1.6983292,1.0250467
1620,1.6980945,1.024844
1621,1.6978596,1.0246416
1622,1.697626,1.0244393
1623,1.6973919,1.0242375
1624,1.6971581,1.0240355
1625,1.6969242,1.0238334
1626,1.696691,1.0236319
1627,1.6964579,1.0234305
1628,1.6962249,1.0232291
1629,1.6959919,1.0230275
1630,1.695759,1.0228268
1631,1.6955268,1.022626
1632,1.6952945,1.0224254
1633,1.6950624,1.0222247
1634,1.6948308,1.0220244
1635,1.6945994,1.0218241
1636,1.694368,1.0216241
1637,1.6941365,1.0214244
1638,1.6939054,1.0212244
1639,1.6936743,1.0210248
1640,1.6934439,1.0208251
1641,1.6932137,1.0206261
1642,1.6929832,1.0204269
1643,1.6927536,1.0202278
1644,1.6925236,1.0200291
1645,1.6922938,1.0198303
1646,1.6920644,1.0196316
1647,1.6918352,1.0194333
1648,1.6916064,1.019235
1649,1.6913773,1.0190371
1650,1.6911486,1.0188391
1651,1.6909204,1.0186411
1652,1.6906916,1.0184436
1653,1.6904639,1.018246
1654,1.6902363,1.0180488
1655,1.6900083,1.0178516
1656,1.6897807,1.0176547
1657,1.6895536,1.0174578
1658,1.6893266,1.0172613
1659,1.6890996,1.0170646
1660,1.688873,1.0168679
1661,1.6886463,1.0166717
1662,1.6884203,1.0164757
1663,1.6881939,1.0162798
1664,1.687968,1.016084
1665,1.6877426,1.0158887
1666,1.6875168,1.015693
1667,1.6872916,1.0154973
1668,1.6870662,1.0153022
1669,1.6868414,1.0151073
1670,1.6866162,1.0149122
1671,1.6863917,1.0147173
1672,1.6861674,1.0145228
1673,1.6859432,1.0143282
1674,1.6857194,1.014134
1675,1.6854948,1.0139395
1676,1.6852714,1.0137458
1677,1.6850483,1.0135517
1678,1.6848252,1.013358
1679,1.6846018,1.0131645
1680,1.684379,1.0129712
1681,1.6841561,1.0127776
1682,1.683934,1.0125847
1683,1.6837112,1.0123914
1684,1.6834891,1.0121988
1685,1.6832669,1.0120058
1686,1.6830454,1.0118134
1687,1.6828235,1.0116214
1688,1.6826024,1.0114288
1689,1.682381,1.0112363
1690,1.6821599,1.0110443
1691,1.6819394,1.0108525
1692,1.6817182,1.0106609
1693,1.681498,1.0104694
1694,1.6812779,1.010278
1695,1.6810576,1.0100865
1696,1.6808375,1.0098954
1697,1.6806178,1.0097045
1698,1.6803986,1.0095139
1699,1.680179,1.009323
1700,1.6799597,1.0091326
1701,1.6797408,1.008942
1702,1.6795218,1.008752
1703,1.6793032,1.0085616
1704,1.6790844,1.0083717
1705,1.6788664,1.0081819
1706,1.6786481,1.0079923
1707,1.6784304,1.0078028
1708,1.678212,1.0076132
1709,1.6779948,1.0074239
1710,1.6777778,1.0072349
1711,1.6775602,1.0070457
1712,1.6773429,1.0068568
1713,1.6771263,1.0066684
1714,1.6769097,1.0064797
1715,1.676693,1.0062912
1716,1.6764766,1.006103
1717,1.6762604,1.0059146
1718,1.6760443,1.0057266
1719,1.6758288,1.0055386
1720,1.6756135,1.0053508
1721,1.6753975,1.0051636
1722,1.6751823,1.0049762
1723,1.6749673,1.0047886
1724,1.6747527,1.0046015
1725,1.6745378,1.0044143
1726,1.674323,1.0042275
1727,1.6741086,1.0040407
1728,1.6738943,1.0038539
1729,1.6736804,1.0036675
1730,1.6734663,1.003481
1731,1.6732528,1.003295
1732,1.6730391,1.0031087
1733,1.672826,1.0029229
1734,1.6726129,1.0027372
1735,1.6723996,1.0025516
1736,1.6721865,1.0023658
1737,1.671974,1.0021802
1738,1.6717616,1.001995
1739,1.6715493,1.0018098
1740,1.6713371,1.0016248
1741,1.6711252,1.0014402
1742,1.6709132,1.0012553
1743,1.6707017,1.0010706
1744,1.67049,1.0008861
1745,1.6702789,1.0007018
1746,1.6700679,1.0005177
1747,1.6698565,1.0003334
1748,1.6696457,1.0001495
1749,1.6694355,0.9999657
1750,1.6692249,0.9997821
1751,1.6690145,0.9995985
1752,1.6688042,0.99941516
1753,1.6685946,0.9992317
1754,1.6683847,0.9990486
1755,1.6681749,0.99886566
1756,1.6679657,0.99868286
1757,1.6677563,0.9984999
1758,1.6675473,0.9983175
1759,1.6673381,0.998135
1760,1.6671299,0.99795246
1761,1.6669207,0.99777037
1762,1.6667124,0.9975883
1763,1.6665043,0.9974063
1764,1.6662961,0.99722445
1765,1.6660881,0.99704254
1766,1.6658806,0.99686116
1767,1.6656723,0.9966799
1768,1.665465,0.99649864
1769,1.6652579,0.9963173
1770,1.6650511,0.99613625
1771,1.6648439,0.9959553
1772,1.664637,0.9957746
1773,1.6644305,0.9955938
1774,1.6642244,0.99541354
1775,1.6640176,0.9952328
1776,1.6638116,0.9950527
1777,1.6636055,0.9948726
1778,1.6633998,0.99469256
1779,1.6631941,0.99451244
1780,1.6629881,0.9943327
1781,1.6627831,0.99415326
1782,1.6625782,0.9939737
1783,1.662373,0.99379426
1784,1.662168,0.9936149
1785,1.6619632,0.99343586
1786,1.6617588,0.99325675
1787,1.6615546,0.9930781
1788,1.6613501,0.9928993
1789,1.6611463,0.99272084
1790,1.660942,0.9925421
1791,1.6607385,0.99236387
1792,1.660535,0.99218565
1793,1.6603314,0.99200755
1794,1.6601281,0.99182945
1795,1.6599255,0.9916517
1796,1.6597224,0.9914738
1797,1.6595196,0.99129647
1798,1.6593169,0.9911192
1799,1.6591145,0.99094164
1800,1.6589123,0.9907644
1801,1.6587101,0.99058735
1802,1.6585081,0.99041057
1803,1.6583061,0.99023336
1804,1.6581043,0.99005663
1805,1.6579027,0.98988014
1806,1.6577016,0.98970366
1807,1.6575007,0.9895274
1808,1.6572995,0.9893511
1809,1.6570984,0.9891747
1810,1.6568974,0.9889987
1811,1.656697,0.98882294
1812,1.6564966,0.98864716
1813,1.6562963,0.98847157
1814,1.6560962,0.9882962
1815,1.655896,0.9881206
1816,1.6556964,0.98794526
1817,1.6554966,0.98777026
1818,1.6552973,0.9875952
1819,1.6550976,0.98742044
1820,1.6548985,0.98724556
1821,1.6546994,0.98707104
1822,1.6545006,0.9868969
1823,1.6543018,0.98672223
1824,1.6541032,0.98654777
1825,1.6539047,0.9863739
1826,1.6537067,0.98619944
1827,1.6535084,0.98602587
1828,1.6533105,0.98585176
1829,1.6531125,0.9856783
1830,1.6529149,0.98550457
1831,1.6527175,0.98533094
1832,1.6525198,0.98515797
1833,1.6523226,0.98498493
1834,1.6521257,0.9848116
1835,1.6519285,0.98463845
1836,1.6517317,0.98446584
1837,1.6515354,0.9842931
1838,1.6513387,0.9841205
1839,1.6511422,0.98394805
1840,1.6509463,0.98377556
1841,1.65075,0.9836033
1842,1.6505542,0.9834311
1843,1.6503582,0.9832591
1844,1.6501628,0.9830872
1845,1.6499672,0.98291534
1846,1.6497719,0.9827436
1847,1.6495769,0.9825723
1848,1.6493819,0.9824007
1849,1.6491868,0.9822296
1850,1.6489924,0.9820585
1851,1.6487975,0.9818873
1852,1.6486036,0.98171633
1853,1.648409,0.9815454
1854,1.6482149,0.9813748
1855,1.6480209,0.98120433
1856,1.6478268,0.98103386
1857,1.6476334,0.98086363
1858,1.6474401,0.9806933
1859,1.6472467,0.980523
1860,1.6470536,0.9803529
1861,1.64686,0.9801828
1862,1.6466672,0.9800133
1863,1.6464739,0.97984344
1864,1.6462815,0.97967416
1865,1.6460888,0.9795044
1866,1.6458966,0.979335
1867,1.6457043,0.97916585
1868,1.6455122,0.9789967
1869,1.6453202,0.9788279
1870,1.645128,0.97865885
1871,1.6449369,0.9784901
1872,1.6447452,0.97832155
1873,1.6445541,0.978153
1874,1.6443627,0.9779844
1875,1.6441715,0.9778163
1876,1.6439804,0.977648
1877,1.6437894,0.9774799
1878,1.6435989,0.977312
1879,1.6434081,0.9771439
1880,1.6432176,0.97697634
1881,1.6430275,0.9768089
1882,1.6428373,0.97664124
1883,1.6426474,0.97647387
1884,1.6424576,0.9763064
1885,1.6422678,0.97613955
1886,1.6420785,0.9759723
1887,1.6418884,0.97580516
1888,1.6416997,0.9756385
1889,1.6415107,0.9754718
1890,1.6413217,0.97530496
1891,1.6411324,0.9751384
1892,1.6409438,0.974972
1893,1.6407553,0.97480583
1894,1.640567,0.9746397
1895,1.6403786,0.9744736
1896,1.6401902,0.97430766
1897,1.6400025,0.9741417
1898,1.6398143,0.97397614
1899,1.6396265,0.9738103
1900,1.6394386,0.9736448
1901,1.6392514,0.9734792
1902,1.6390641,0.9733142
1903,1.6388768,0.9731488
1904,1.6386898,0.9729837
1905,1.6385028,0.9728186
1906,1.6383157,0.9726539
1907,1.6381291,0.972489
1908,1.6379429,0.9723246
1909,1.6377561,0.9721599
1910,1.6375699,0.97199553
1911,1.6373839,0.97183126
1912,1.6371979,0.97166705
1913,1.6370118,0.971503
1914,1.6368259,0.9713389
1915,1.6366405,0.971175
1916,1.636455,0.9710112
1917,1.6362697,0.9708478
1918,1.6360843,0.970684
1919,1.6358997,0.97052056
1920,1.6357145,0.97035706
1921,1.6355299,0.9701942
1922,1.635345,0.97003084
1923,1.6351604,0.96986765
1924,1.6349763,0.969705
1925,1.6347917,0.9695423
1926,1.6346077,0.96937925
1927,1.6344236,0.96921694
1928,1.6342399,0.96905416
1929,1.6340561,0.9688919
1930,1.6338725,0.96872956
1931,1.6336888,0.9685673
1932,1.6335058,0.9684055
1933,1.6333222,0.9682433
1934,1.6331391,0.96808153
1935,1.6329563,0.9679198
1936,1.6327733,0.967758
1937,1.6325907,0.96759653
1938,1.6324084,0.9674351
1939,1.6322254,0.96727365
1940,1.6320432,0.96711254
1941,1.6318612,0.9669516
1942,1.6316792,0.96679044
1943,1.6314969,0.96662956
1944,1.6313152,0.96646863
1945,1.6311337,0.9663079
1946,1.630952,0.96614724
1947,1.6307708,0.96598685
1948,1.6305894,0.9658265
1949,1.6304082,0.9656661
1950,1.6302272,0.9655059
1951,1.6300462,0.9653457
1952,1.6298656,0.9651859
1953,1.6296848,0.96502596
1954,1.6295043,0.9648661
1955,1.6293241,0.9647064
1956,1.6291437,0.9645472
1957,1.6289636,0.9643874
1958,1.6287837,0.9642281
1959,1.6286037,0.96406883
1960,1.6284243,0.9639095
1961,1.6282444,0.96375084
1962,1.628065,0.96359164
1963,1.6278857,0.96343285
1964,1.6277064,0.96327394
1965,1.6275271,0.96311533
1966,1.6273481,0.9629567
1967,1.6271691,0.96279824
1968,1.6269903,0.96263987
1969,1.626812,0.9624817
1970,1.6266332,0.9623234
1971,1.6264548,0.96216565
1972,1.6262767,0.96200746
1973,1.6260984,0.9618497
1974,1.6259203,0.9616918
1975,1.6257426,0.961534
1976,1.6255646,0.96137685
1977,1.6253874,0.9612191
1978,1.6252099,0.961062
1979,1.6250323,0.96090466
1980,1.6248547,0.96074736
1981,1.6246779,0.9605903
1982,1.6245009,0.96043354
1983,1.6243241,0.9602766
1984,1.6241473,0.9601197
1985,1.6239704,0.9599631
1986,1.6237942,0.95980674
1987,1.6236174,0.9596504
1988,1.6234412,0.9594937
1989,1.623265,0.95933765
1990,1.623089,0.9591816
1991,1.6229131,0.95902544
1992,1.6227376,0.95886934
1993,1.6225617,0.9587136
1994,1.622386,0.95855784
1995,1.6222107,0.9584024
1996,1.6220356,0.95824647
1997,1.62186,0.958091
1998,1.6216849,0.9579357
1999,1.6215098,0.95778036
